{
  "seeds": {
    "42": {
      "label": "human_vs_synth_seed42",
      "n_per_class": 2000,
      "sanity": {
        "random_state": 42,
        "auc": 0.50947725,
        "published_auc": 0.5095,
        "abs_diff_vs_published": 2.2749999999960302e-05,
        "matches_within_tol": true,
        "tolerance": 0.001
      },
      "sweep": {
        "random_states": [
          1000,
          1001,
          1002,
          1003,
          1004,
          1005,
          1006,
          1007,
          1008,
          1009,
          1010,
          1011,
          1012,
          1013,
          1014,
          1015,
          1016,
          1017,
          1018,
          1019
        ],
        "aucs": [
          0.497703375,
          0.505743375,
          0.49682525,
          0.505500625,
          0.504376,
          0.5173525,
          0.500121625,
          0.504730625,
          0.506206625,
          0.502742,
          0.49827912500000004,
          0.510597,
          0.501725875,
          0.502274375,
          0.5058355,
          0.498164875,
          0.49179125,
          0.5051083749999999,
          0.5025415,
          0.506005
        ],
        "mean": 0.5031812437500001,
        "sd": 0.0054372585214793314,
        "min": 0.49179125,
        "max": 0.5173525
      },
      "bootstrap": {
        "n_boot": 10000,
        "n_valid": 10000,
        "n_degenerate_dropped": 0,
        "mean": 0.5095835140932858,
        "sd": 0.00916947761518363,
        "ci_2_5": 0.4915297742794752,
        "ci_97_5": 0.5278792319806882,
        "covers_0_50": true
      }
    },
    "43": {
      "label": "human_vs_synth_seed43",
      "n_per_class": 2000,
      "sanity": {
        "random_state": 43,
        "auc": 0.503026875,
        "published_auc": 0.503,
        "abs_diff_vs_published": 2.6874999999981775e-05,
        "matches_within_tol": true,
        "tolerance": 0.001
      },
      "sweep": {
        "random_states": [
          1000,
          1001,
          1002,
          1003,
          1004,
          1005,
          1006,
          1007,
          1008,
          1009,
          1010,
          1011,
          1012,
          1013,
          1014,
          1015,
          1016,
          1017,
          1018,
          1019
        ],
        "aucs": [
          0.49535150000000006,
          0.50204025,
          0.487461625,
          0.49490975,
          0.515533875,
          0.500366375,
          0.495776,
          0.49324199999999996,
          0.500931125,
          0.5124595000000001,
          0.5081708749999999,
          0.510794375,
          0.5095108749999999,
          0.49812074999999995,
          0.49528374999999997,
          0.511591125,
          0.49036199999999996,
          0.510898,
          0.49652237500000007,
          0.5004561249999999
        ],
        "mean": 0.5014891125,
        "sd": 0.008218799187655496,
        "min": 0.487461625,
        "max": 0.515533875
      },
      "bootstrap": {
        "n_boot": 10000,
        "n_valid": 10000,
        "n_degenerate_dropped": 0,
        "mean": 0.5030199699182052,
        "sd": 0.009076975382901323,
        "ci_2_5": 0.4851730154546453,
        "ci_97_5": 0.5208279563446794,
        "covers_0_50": true
      }
    },
    "44": {
      "label": "human_vs_synth_seed44",
      "n_per_class": 2000,
      "sanity": {
        "random_state": 44,
        "auc": 0.49930800000000003,
        "published_auc": 0.4993,
        "abs_diff_vs_published": 8.000000000008e-06,
        "matches_within_tol": true,
        "tolerance": 0.001
      },
      "sweep": {
        "random_states": [
          1000,
          1001,
          1002,
          1003,
          1004,
          1005,
          1006,
          1007,
          1008,
          1009,
          1010,
          1011,
          1012,
          1013,
          1014,
          1015,
          1016,
          1017,
          1018,
          1019
        ],
        "aucs": [
          0.497818,
          0.48694824999999997,
          0.49398125000000004,
          0.49151625000000004,
          0.498389125,
          0.5012572500000001,
          0.489784875,
          0.482887125,
          0.50883775,
          0.50158875,
          0.49127262499999996,
          0.49544037500000004,
          0.488014375,
          0.49744525000000006,
          0.49341500000000005,
          0.48228937499999996,
          0.49477125,
          0.49940762499999997,
          0.51021525,
          0.50760075
        ],
        "mean": 0.495644025,
        "sd": 0.007880035600081565,
        "min": 0.48228937499999996,
        "max": 0.51021525
      },
      "bootstrap": {
        "n_boot": 10000,
        "n_valid": 10000,
        "n_degenerate_dropped": 0,
        "mean": 0.499332081554576,
        "sd": 0.009156238859492159,
        "ci_2_5": 0.4817147882924906,
        "ci_97_5": 0.5170985850299752,
        "covers_0_50": true
      }
    }
  },
  "adserp_context": {
    "label": "adserp2000_vs_synth_seed42",
    "n_per_class": 2000,
    "sanity": {
      "random_state": 42,
      "auc": 0.9478610000000001,
      "published_auc": 0.948,
      "abs_diff_vs_published": 0.0001389999999998892,
      "matches_within_tol": true,
      "tolerance": 0.001
    },
    "sweep": {
      "random_states": [
        1000,
        1001,
        1002,
        1003,
        1004,
        1005,
        1006,
        1007,
        1008,
        1009,
        1010,
        1011,
        1012,
        1013,
        1014,
        1015,
        1016,
        1017,
        1018,
        1019
      ],
      "aucs": [
        0.950937375,
        0.948534625,
        0.948617,
        0.946296625,
        0.9489801250000001,
        0.949750875,
        0.950239625,
        0.9479145000000001,
        0.9503967500000001,
        0.9493468749999999,
        0.948850875,
        0.9500611250000001,
        0.948748375,
        0.9491105000000001,
        0.947440625,
        0.949897375,
        0.9495496250000001,
        0.949304125,
        0.9485857500000001,
        0.9477285
      ],
      "mean": 0.9490145625,
      "sd": 0.001110113282878094,
      "min": 0.946296625,
      "max": 0.950937375
    },
    "bootstrap": {
      "n_boot": 10000,
      "n_valid": 10000,
      "n_degenerate_dropped": 0,
      "mean": 0.947906865853295,
      "sd": 0.0032458192322314095,
      "ci_2_5": 0.9414360231817869,
      "ci_97_5": 0.9541038548921474,
      "covers_0_50": false
    }
  },
  "combined": {
    "seed_level_sanity_aucs": {
      "42": 0.50947725,
      "43": 0.503026875,
      "44": 0.49930800000000003
    },
    "mean": 0.503937375,
    "sd": 0.005145402712920033,
    "min": 0.49930800000000003,
    "max": 0.50947725,
    "range": 0.010169249999999963,
    "all_seed_bootstrap_cis_cover_0_50": true
  }
}