{
  "seeds": {
    "45": {
      "label": "human_vs_synth_seed45",
      "n_per_class": 2000,
      "sanity": {
        "random_state": 45,
        "auc": 0.5147915000000001,
        "published_auc": 0.5148,
        "abs_diff_vs_published": 8.499999999966867e-06,
        "matches_within_tol": true,
        "tolerance": 0.001
      },
      "sweep": {
        "random_states": [
          1000,
          1001,
          1002,
          1003,
          1004,
          1005,
          1006,
          1007,
          1008,
          1009,
          1010,
          1011,
          1012,
          1013,
          1014,
          1015,
          1016,
          1017,
          1018,
          1019
        ],
        "aucs": [
          0.503845375,
          0.52207375,
          0.5019835,
          0.5189278749999999,
          0.5039370000000001,
          0.507815625,
          0.5076126249999999,
          0.5009585,
          0.512063625,
          0.5230207499999999,
          0.515344625,
          0.5022991250000001,
          0.50341975,
          0.505741875,
          0.5056045,
          0.511861375,
          0.507601125,
          0.5108685,
          0.510119,
          0.5124461250000001
        ],
        "mean": 0.50937723125,
        "sd": 0.0065181487817915305,
        "min": 0.5009585,
        "max": 0.5230207499999999
      },
      "bootstrap": {
        "n_boot": 10000,
        "n_valid": 10000,
        "n_degenerate_dropped": 0,
        "mean": 0.5148635406513348,
        "sd": 0.009163381185599118,
        "ci_2_5": 0.49682271568170183,
        "ci_97_5": 0.5326307974230059,
        "covers_0_50": true
      }
    },
    "46": {
      "label": "human_vs_synth_seed46",
      "n_per_class": 2000,
      "sanity": {
        "random_state": 46,
        "auc": 0.51897325,
        "published_auc": 0.519,
        "abs_diff_vs_published": 2.6749999999964302e-05,
        "matches_within_tol": true,
        "tolerance": 0.001
      },
      "sweep": {
        "random_states": [
          1000,
          1001,
          1002,
          1003,
          1004,
          1005,
          1006,
          1007,
          1008,
          1009,
          1010,
          1011,
          1012,
          1013,
          1014,
          1015,
          1016,
          1017,
          1018,
          1019
        ],
        "aucs": [
          0.5104277500000001,
          0.508512125,
          0.505711125,
          0.51380875,
          0.513255375,
          0.519699625,
          0.502706,
          0.52122075,
          0.50243825,
          0.50588425,
          0.512772875,
          0.49913949999999996,
          0.49294162499999994,
          0.5149465,
          0.5143902499999999,
          0.49418699999999993,
          0.507507625,
          0.508755,
          0.50855625,
          0.51183475
        ],
        "mean": 0.50843476875,
        "sd": 0.007496804122739825,
        "min": 0.49294162499999994,
        "max": 0.52122075
      },
      "bootstrap": {
        "n_boot": 10000,
        "n_valid": 10000,
        "n_degenerate_dropped": 0,
        "mean": 0.5190257640863217,
        "sd": 0.00907204158054054,
        "ci_2_5": 0.5007263488951404,
        "ci_97_5": 0.5367777938846445,
        "covers_0_50": false
      }
    }
  },
  "combined": {
    "seed_level_sanity_aucs": {
      "45": 0.5147915000000001,
      "46": 0.51897325
    },
    "mean": 0.516882375,
    "sd": 0.002956943782226834,
    "min": 0.5147915000000001,
    "max": 0.51897325,
    "range": 0.004181749999999984,
    "all_seed_bootstrap_cis_cover_0_50": false
  }
}