{
  "groups": {
    "tuning_rf_oob": {
      "n": 3,
      "mean": 0.5039333333,
      "sd": 0.005163655,
      "min": 0.4993,
      "max": 0.5095
    },
    "oos_rf_oob": {
      "n": 6,
      "mean": 0.5132166667,
      "sd": 0.0068834342,
      "min": 0.5033,
      "max": 0.5221,
      "ci95": {
        "df": 5,
        "t_critical": 2.570582,
        "lower": 0.505992945,
        "upper": 0.5204403883
      },
      "ci_excludes_0_50": true
    },
    "oos_raw_nn": {
      "n": 6,
      "mean": 0.5077166667,
      "sd": 0.0051440905,
      "min": 0.5033,
      "max": 0.5174,
      "ci95": {
        "df": 5,
        "t_critical": 2.570582,
        "lower": 0.5023182745,
        "upper": 0.5131150589
      },
      "ci_excludes_0_50": true
    },
    "oos_gbm": {
      "n": 6,
      "mean": 0.52335,
      "sd": 0.0086571935,
      "min": 0.5106,
      "max": 0.5362,
      "ci95": {
        "df": 5,
        "t_critical": 2.570582,
        "lower": 0.514264832,
        "upper": 0.532435168
      },
      "ci_excludes_0_50": true
    },
    "nine_seed_rf": {
      "n": 9,
      "mean": 0.5101222222,
      "sd": 0.0076042386
    }
  }
}
